[{"id":1601782601050,"name":"shake_shake","select":false,"xml":"<xml xmlns=\"https://developers.google.com/blockly/xml\">\n  <block type=\"factory_base\" id=\"=J(b:.}~gyM[uMt`7m~^\" deletable=\"false\" movable=\"false\" x=\"10\" y=\"10\">\n    <mutation connections=\"BOTH\"/>\n    <field name=\"NAME\">shake_shake</field>\n    <field name=\"INLINE\">AUTO</field>\n    <field name=\"CONNECTIONS\">BOTH</field>\n    <statement name=\"INPUTS\">\n      <block type=\"input_dummy\" id=\"Ge#qfu,LNt]/=wgp*7q2\">\n        <field name=\"ALIGN\">LEFT</field>\n        <statement name=\"FIELDS\">\n          <block type=\"field_static\" id=\"|OoS#%Oo?7L[$Pgdc@g(\">\n            <field name=\"TEXT\">摇头</field>\n          </block>\n        </statement>\n      </block>\n    </statement>\n    <value name=\"TOPTYPE\">\n      <shadow type=\"type_null\" id=\"mjl},w*GBf(Of,Q]^4_3\"/>\n    </value>\n    <value name=\"BOTTOMTYPE\">\n      <shadow type=\"type_null\" id=\"w.8MWA372k{X!kG~}MLf\"/>\n    </value>\n    <value name=\"COLOUR\">\n      <block type=\"colour_hue\" id=\"EcRaI3**wj={?OMC9(Un\">\n        <mutation colour=\"#a5745b\"/>\n        <field name=\"HUE\">20</field>\n      </block>\n    </value>\n    <value name=\"STATEMENT\">\n      <block type=\"statement_python\" id=\"^$b_Se)qLMeE@FDamDS8\">\n        <mutation options=\"1\"/>\n        <field name=\"USER0\">Blockly.Python.definitions_['import padog'] = 'import padog,time';</field>\n      </block>\n    </value>\n    <value name=\"CODE\">\n      <block type=\"custom_code_left\" id=\"gX]WcJ1RtdQqmQC2Z/J}\">\n        <field name=\"PY_CODE\">'padog.gesture(0,30,0),time.sleep(0.3);padog.gesture(0,-30,0);time.sleep(0.3)'+'\\n'</field>\n      </block>\n    </value>\n  </block>\n</xml>","blocksCode":"Blockly.Blocks['shake_shake'] = {\n    init: function() {\n        this.appendDummyInput()\n            .appendField(\"摇头\");\n        this.setPreviousStatement(true, null);\n        this.setNextStatement(true, null);\n        this.setColour(20);\n        this.setTooltip('');\n        this.setHelpUrl('http://www.example.com/');\n    }\n};","generatorsCode":"Blockly.Python['shake_shake'] = function(block) {\n    // TODO: Assemble Python into code variable.\n    Blockly.Python.definitions_['import padog'] = 'import padog,time';\n    var code = 'padog.gesture(0,30,0),time.sleep(0.3);padog.gesture(0,-30,0);time.sleep(0.3)'+'\\n';\n    return code;\n};"},{"id":1601782221715,"name":"nod_nod","select":false,"xml":"<xml xmlns=\"https://developers.google.com/blockly/xml\">\n  <block type=\"factory_base\" id=\"gHckAH^a/S-i/b?t,[09\" deletable=\"false\" movable=\"false\" x=\"10\" y=\"10\">\n    <mutation connections=\"BOTH\"/>\n    <field name=\"NAME\">nod_nod</field>\n    <field name=\"INLINE\">AUTO</field>\n    <field name=\"CONNECTIONS\">BOTH</field>\n    <statement name=\"INPUTS\">\n      <block type=\"input_dummy\" id=\"0-C#W@v!O+#PgdefPq5`\">\n        <field name=\"ALIGN\">LEFT</field>\n        <statement name=\"FIELDS\">\n          <block type=\"field_static\" id=\"enw1H?jp2)-l-WQVIOpn\">\n            <field name=\"TEXT\">点头</field>\n          </block>\n        </statement>\n      </block>\n    </statement>\n    <value name=\"TOPTYPE\">\n      <shadow type=\"type_null\" id=\"YmpVgc*1AwsKwXrHWX*5\"/>\n    </value>\n    <value name=\"BOTTOMTYPE\">\n      <shadow type=\"type_null\" id=\";B~A?^A`=eZ#~Dh!~v](\"/>\n    </value>\n    <value name=\"COLOUR\">\n      <block type=\"colour_hue\" id=\"y]iq~)zMAZx6!vq1]gIj\">\n        <mutation colour=\"#a5745b\"/>\n        <field name=\"HUE\">20</field>\n      </block>\n    </value>\n    <value name=\"STATEMENT\">\n      <block type=\"statement_python\" id=\"G?79Z6.noAjsQtPQ*yJC\">\n        <mutation options=\"1\"/>\n        <field name=\"USER0\">Blockly.Python.definitions_['import padog'] = 'import padog,time';</field>\n      </block>\n    </value>\n    <value name=\"CODE\">\n      <block type=\"custom_code_left\" id=\"NAYcxF==DWSvL05V*3~W\">\n        <field name=\"PY_CODE\">'padog.gesture(10,0,0);time.sleep(0.3);padog.gesture(-10,0,0);time.sleep(0.3)\\n'</field>\n      </block>\n    </value>\n  </block>\n</xml>","blocksCode":"Blockly.Blocks['nod_nod'] = {\n    init: function() {\n        this.appendDummyInput()\n            .appendField(\"点头\");\n        this.setPreviousStatement(true, null);\n        this.setNextStatement(true, null);\n        this.setColour(20);\n        this.setTooltip('');\n        this.setHelpUrl('http://www.example.com/');\n    }\n};","generatorsCode":"Blockly.Python['nod_nod'] = function(block) {\n    // TODO: Assemble Python into code variable.\n    Blockly.Python.definitions_['import padog'] = 'import padog,time';\n    var code = 'padog.gesture(10,0,0);time.sleep(0.3);padog.gesture(-10,0,0);time.sleep(0.3)\\n';\n    return code;\n};"},{"id":1601740649650,"name":"show_circle","select":false,"xml":"<xml xmlns=\"https://developers.google.com/blockly/xml\">\n  <block type=\"factory_base\" id=\")%qJjsTlJQ%awb%@Otlv\" deletable=\"false\" movable=\"false\" x=\"10\" y=\"10\">\n    <mutation connections=\"BOTH\"/>\n    <field name=\"NAME\">show_circle</field>\n    <field name=\"INLINE\">AUTO</field>\n    <field name=\"CONNECTIONS\">BOTH</field>\n    <statement name=\"INPUTS\">\n      <block type=\"input_value\" id=\"_~lz~:bT_4eXfi[i.~Kp\">\n        <field name=\"INPUTNAME\">NAME1</field>\n        <field name=\"ALIGN\">LEFT</field>\n        <statement name=\"FIELDS\">\n          <block type=\"field_static\" id=\"$tr;c{B.1bYG^eC?9dGc\">\n            <field name=\"TEXT\">扭动次数：</field>\n          </block>\n        </statement>\n        <value name=\"TYPE\">\n          <shadow type=\"type_null\" id=\"bc+r1Hpo:MXZtE+|hMU_\"/>\n          <block type=\"type_number\" id=\"H9iTAdEC!rE[^y~kvOjO\"/>\n        </value>\n      </block>\n    </statement>\n    <value name=\"TOPTYPE\">\n      <shadow type=\"type_null\" id=\"05*=PqT-XD=Lv6?rORB4\"/>\n    </value>\n    <value name=\"BOTTOMTYPE\">\n      <shadow type=\"type_null\" id=\"lq?1!8?qgWw+?4[SDnJ;\"/>\n    </value>\n    <value name=\"COLOUR\">\n      <block type=\"colour_hue\" id=\"hAFOxug{WCu?qU4~}V|J\">\n        <mutation colour=\"#5b67a5\"/>\n        <field name=\"HUE\">230</field>\n      </block>\n    </value>\n    <value name=\"STATEMENT\">\n      <block type=\"statement_python\" id=\"-s(_7;sqK1W,Ryv_eEI!\">\n        <mutation options=\"1\"/>\n        <field name=\"USER0\">Blockly.Python.definitions_['import padog'] = 'import padog';</field>\n      </block>\n    </value>\n    <value name=\"CODE\">\n      <block type=\"custom_code_left\" id=\"_$_5hM=?S8C7O|)XScS@\">\n        <field name=\"PY_CODE\">'padog.show_circle('+value_name1+')\\n'</field>\n      </block>\n    </value>\n  </block>\n</xml>","blocksCode":"Blockly.Blocks['show_circle'] = {\n    init: function() {\n        this.appendValueInput(\"NAME1\")\n            .setCheck(\"Number\")\n            .appendField(\"扭动次数：\");\n        this.setPreviousStatement(true, null);\n        this.setNextStatement(true, null);\n        this.setColour(230);\n        this.setTooltip('');\n        this.setHelpUrl('http://www.example.com/');\n    }\n};","generatorsCode":"Blockly.Python['show_circle'] = function(block) {\n    var value_name1 = Blockly.Python.valueToCode(block, 'NAME1', Blockly.Python.ORDER_ATOMIC);\n    // TODO: Assemble Python into code variable.\n    Blockly.Python.definitions_['import padog'] = 'import padog';\n    var code = 'padog.show_circle('+value_name1+')\\n';\n    return code;\n};"},{"id":1601702562668,"name":"gesture","select":false,"xml":"<xml xmlns=\"https://developers.google.com/blockly/xml\">\n  <block type=\"factory_base\" id=\"w7osV,jeZS|G7wRT/[ye\" deletable=\"false\" movable=\"false\" x=\"10\" y=\"10\">\n    <mutation connections=\"BOTH\"/>\n    <field name=\"NAME\">gesture</field>\n    <field name=\"INLINE\">AUTO</field>\n    <field name=\"CONNECTIONS\">BOTH</field>\n    <statement name=\"INPUTS\">\n      <block type=\"input_value\" id=\"RyhMwELU.1Q(j0CXN,JM\">\n        <field name=\"INPUTNAME\">NAME1</field>\n        <field name=\"ALIGN\">LEFT</field>\n        <statement name=\"FIELDS\">\n          <block type=\"field_static\" id=\"-sZ*txQe_4F5?`qnuQY;\">\n            <field name=\"TEXT\">俯仰轴角度：</field>\n          </block>\n        </statement>\n        <value name=\"TYPE\">\n          <shadow type=\"type_null\" id=\")O|Zhu-]*5y~|4oXWXkJ\"/>\n          <block type=\"type_number\" id=\"rCXUP76!LaJ2WYcLFJ=y\"/>\n        </value>\n        <next>\n          <block type=\"input_value\" id=\"OX[[VQ2kE8q|erwmsMq7\">\n            <field name=\"INPUTNAME\">NAME2</field>\n            <field name=\"ALIGN\">LEFT</field>\n            <statement name=\"FIELDS\">\n              <block type=\"field_static\" id=\"6zY-#HQVKX8OC}`=`mJ?\">\n                <field name=\"TEXT\">滚转轴角度：</field>\n              </block>\n            </statement>\n            <value name=\"TYPE\">\n              <shadow type=\"type_null\"/>\n              <block type=\"type_number\" id=\".a}37[CZ3)*8K)2B6cZU\"/>\n            </value>\n            <next>\n              <block type=\"input_value\" id=\"rNO+F.JI3b8[4b7g]v0/\">\n                <field name=\"INPUTNAME\">NAME3</field>\n                <field name=\"ALIGN\">LEFT</field>\n                <statement name=\"FIELDS\">\n                  <block type=\"field_static\" id=\"xA.@$8]W1SP)}o1$+mn0\">\n                    <field name=\"TEXT\">前后平移量：</field>\n                  </block>\n                </statement>\n                <value name=\"TYPE\">\n                  <shadow type=\"type_null\"/>\n                  <block type=\"type_number\" id=\"0brfgSvxymVMLHdr3{iu\"/>\n                </value>\n              </block>\n            </next>\n          </block>\n        </next>\n      </block>\n    </statement>\n    <value name=\"TOPTYPE\">\n      <shadow type=\"type_null\" id=\"~`}=MI-#~uFUXg9G7}6c\"/>\n    </value>\n    <value name=\"BOTTOMTYPE\">\n      <shadow type=\"type_null\" id=\")dssM6Z2dzMLx23{0`^T\"/>\n    </value>\n    <value name=\"COLOUR\">\n      <block type=\"colour_hue\" id=\"cpbdHzzQ9lg+CN1SgFt8\">\n        <mutation colour=\"#5ba55b\"/>\n        <field name=\"HUE\">120</field>\n      </block>\n    </value>\n    <value name=\"STATEMENT\">\n      <block type=\"statement_python\" id=\"-Nl8v3aMlTg4lg5VmhaX\">\n        <mutation options=\"1\"/>\n        <field name=\"USER0\">Blockly.Python.definitions_['import padog'] = 'import padog';</field>\n      </block>\n    </value>\n    <value name=\"CODE\">\n      <block type=\"custom_code_left\" id=\"+4gDe}fxQ~_5G*kW.or@\">\n        <field name=\"PY_CODE\">'padog.gesture('+value_name1+','+value_name2+','+value_name3+')\\n'</field>\n      </block>\n    </value>\n  </block>\n</xml>","blocksCode":"Blockly.Blocks['gesture'] = {\n    init: function() {\n        this.appendValueInput(\"NAME1\")\n            .setCheck(\"Number\")\n            .appendField(\"俯仰轴角度：\");\n        this.appendValueInput(\"NAME2\")\n            .setCheck(\"Number\")\n            .appendField(\"滚转轴角度：\");\n        this.appendValueInput(\"NAME3\")\n            .setCheck(\"Number\")\n            .appendField(\"前后平移量：\");\n        this.setPreviousStatement(true, null);\n        this.setNextStatement(true, null);\n        this.setColour(120);\n        this.setTooltip('');\n        this.setHelpUrl('http://www.example.com/');\n    }\n};","generatorsCode":"Blockly.Python['gesture'] = function(block) {\n    var value_name1 = Blockly.Python.valueToCode(block, 'NAME1', Blockly.Python.ORDER_ATOMIC);\n    var value_name2 = Blockly.Python.valueToCode(block, 'NAME2', Blockly.Python.ORDER_ATOMIC);\n    var value_name3 = Blockly.Python.valueToCode(block, 'NAME3', Blockly.Python.ORDER_ATOMIC);\n    // TODO: Assemble Python into code variable.\n    Blockly.Python.definitions_['import padog'] = 'import padog';\n    var code = 'padog.gesture('+value_name1+','+value_name2+','+value_name3+')\\n';\n    return code;\n};"},{"id":1601701721490,"name":"gait","select":false,"xml":"<xml xmlns=\"https://developers.google.com/blockly/xml\">\n  <block type=\"factory_base\" id=\"crb*i#kI[~N8tLL9r!bF\" deletable=\"false\" movable=\"false\" x=\"10\" y=\"10\">\n    <mutation connections=\"BOTH\"/>\n    <field name=\"NAME\">gait</field>\n    <field name=\"INLINE\">AUTO</field>\n    <field name=\"CONNECTIONS\">BOTH</field>\n    <statement name=\"INPUTS\">\n      <block type=\"input_value\" id=\"MP]])gCd@-4mZ,.Z-D#R\">\n        <field name=\"INPUTNAME\">NAME1</field>\n        <field name=\"ALIGN\">LEFT</field>\n        <statement name=\"FIELDS\">\n          <block type=\"field_static\" id=\"]F?]+zXV]Z-!)pFC0vfv\">\n            <field name=\"TEXT\">步态设置：</field>\n          </block>\n        </statement>\n        <value name=\"TYPE\">\n          <shadow type=\"type_null\" id=\"ZoxIvM}O%YLX4yQWOhW7\"/>\n          <block type=\"type_number\" id=\"pSrU=[+8!25O;:vTl3`L\"/>\n        </value>\n      </block>\n    </statement>\n    <value name=\"TOPTYPE\">\n      <shadow type=\"type_null\" id=\";Eu1-XWaEJ4hCj~A%/w,\"/>\n    </value>\n    <value name=\"BOTTOMTYPE\">\n      <shadow type=\"type_null\" id=\"e`Gu^djtqSQtK}ABAp#g\"/>\n    </value>\n    <value name=\"COLOUR\">\n      <block type=\"colour_hue\" id=\"6FH`#b97a:v!]:W15EQ[\">\n        <mutation colour=\"#a55b80\"/>\n        <field name=\"HUE\">330</field>\n      </block>\n    </value>\n    <value name=\"STATEMENT\">\n      <block type=\"statement_python\" id=\"A-`rPc.V6t/h(_O(8Gm0\">\n        <mutation options=\"1\"/>\n        <field name=\"USER0\">Blockly.Python.definitions_['import padog'] = 'import padog';</field>\n      </block>\n    </value>\n    <value name=\"CODE\">\n      <block type=\"custom_code_left\" id=\"h]/!^nhSQoFNx|YnQfZD\">\n        <field name=\"PY_CODE\">'padog.gait('+value_name1+')\\n'</field>\n      </block>\n    </value>\n  </block>\n</xml>","blocksCode":"Blockly.Blocks['gait'] = {\n    init: function() {\n        this.appendValueInput(\"NAME1\")\n            .setCheck(\"Number\")\n            .appendField(\"步态设置：\");\n        this.setPreviousStatement(true, null);\n        this.setNextStatement(true, null);\n        this.setColour(330);\n        this.setTooltip('');\n        this.setHelpUrl('http://www.example.com/');\n    }\n};","generatorsCode":"Blockly.Python['gait'] = function(block) {\n    var value_name1 = Blockly.Python.valueToCode(block, 'NAME1', Blockly.Python.ORDER_ATOMIC);\n    // TODO: Assemble Python into code variable.\n    Blockly.Python.definitions_['import padog'] = 'import padog';\n    var code = 'padog.gait('+value_name1+')\\n';\n    return code;\n};"},{"id":1601701666168,"name":"stable","select":false,"xml":"<xml xmlns=\"https://developers.google.com/blockly/xml\">\n  <block type=\"factory_base\" id=\"Z;jv0UD!*xK,Y7U4f!3}\" deletable=\"false\" movable=\"false\" x=\"10\" y=\"10\">\n    <mutation connections=\"BOTH\"/>\n    <field name=\"NAME\">stable</field>\n    <field name=\"INLINE\">AUTO</field>\n    <field name=\"CONNECTIONS\">BOTH</field>\n    <statement name=\"INPUTS\">\n      <block type=\"input_value\" id=\"9aZEeeMOx.ZA~(Z=00?5\">\n        <field name=\"INPUTNAME\">NAME1</field>\n        <field name=\"ALIGN\">LEFT</field>\n        <statement name=\"FIELDS\">\n          <block type=\"field_static\" id=\"^hoUi`S^I59]/(tfHq3Y\">\n            <field name=\"TEXT\">是否打开自稳定</field>\n          </block>\n        </statement>\n        <value name=\"TYPE\">\n          <shadow type=\"type_null\" id=\"r:{?Ad@L3K{nqY6tmx%;\"/>\n          <block type=\"type_boolean\" id=\"+_zslzl2jA?FK66@`^J2\"/>\n        </value>\n      </block>\n    </statement>\n    <value name=\"TOPTYPE\">\n      <shadow type=\"type_null\" id=\"1AfXa)jxp^~V0*mvD+}B\"/>\n    </value>\n    <value name=\"BOTTOMTYPE\">\n      <shadow type=\"type_null\" id=\"^]?k^G6_O|LFw/[TR$[v\"/>\n    </value>\n    <value name=\"COLOUR\">\n      <block type=\"colour_hue\" id=\"4ZGk]lsjU[i[ADrnT+h]\">\n        <mutation colour=\"#a5745b\"/>\n        <field name=\"HUE\">20</field>\n      </block>\n    </value>\n    <value name=\"STATEMENT\">\n      <block type=\"statement_python\" id=\"h1+MZ!~0qMdjiZg(x0xI\">\n        <mutation options=\"1\"/>\n        <field name=\"USER0\">Blockly.Python.definitions_['import padog'] = 'import padog';</field>\n      </block>\n    </value>\n    <value name=\"CODE\">\n      <block type=\"custom_code_left\" id=\"sb@Ml`u),.5.fZW#d7ht\">\n        <field name=\"PY_CODE\">'padog.stable('+value_name1+')\\n'</field>\n      </block>\n    </value>\n  </block>\n</xml>","blocksCode":"Blockly.Blocks['stable'] = {\n    init: function() {\n        this.appendValueInput(\"NAME1\")\n            .setCheck(\"Boolean\")\n            .appendField(\"是否打开自稳定\");\n        this.setPreviousStatement(true, null);\n        this.setNextStatement(true, null);\n        this.setColour(20);\n        this.setTooltip('');\n        this.setHelpUrl('http://www.example.com/');\n    }\n};","generatorsCode":"Blockly.Python['stable'] = function(block) {\n    var value_name1 = Blockly.Python.valueToCode(block, 'NAME1', Blockly.Python.ORDER_ATOMIC);\n    // TODO: Assemble Python into code variable.\n    Blockly.Python.definitions_['import padog'] = 'import padog';\n    var code = 'padog.stable('+value_name1+')\\n';\n    return code;\n};"},{"id":1601701017762,"name":"height","select":false,"xml":"<xml xmlns=\"https://developers.google.com/blockly/xml\">\n  <block type=\"factory_base\" id=\"DiAtuFKziW)i=;tBf;vz\" deletable=\"false\" movable=\"false\" x=\"10\" y=\"10\">\n    <mutation connections=\"BOTH\"/>\n    <field name=\"NAME\">height</field>\n    <field name=\"INLINE\">AUTO</field>\n    <field name=\"CONNECTIONS\">BOTH</field>\n    <statement name=\"INPUTS\">\n      <block type=\"input_value\" id=\"|R$Jdu5h*C5,mv4Kz9Zi\">\n        <field name=\"INPUTNAME\">NAME1</field>\n        <field name=\"ALIGN\">LEFT</field>\n        <statement name=\"FIELDS\">\n          <block type=\"field_static\" id=\".k:7{ApP6Q/4AzE0+W;K\">\n            <field name=\"TEXT\">高度值：</field>\n          </block>\n        </statement>\n        <value name=\"TYPE\">\n          <shadow type=\"type_null\" id=\"qj*T1A+eu_GZGMgbFgOQ\"/>\n          <block type=\"type_number\" id=\"laKsYZrKYzJzj`!:itB*\"/>\n        </value>\n      </block>\n    </statement>\n    <value name=\"TOPTYPE\">\n      <shadow type=\"type_null\" id=\"/#NrgLVT98no=BjhOmn1\"/>\n    </value>\n    <value name=\"BOTTOMTYPE\">\n      <shadow type=\"type_null\" id=\"a^w4Q.A0Gu{8ZN.k)$VD\"/>\n    </value>\n    <value name=\"COLOUR\">\n      <block type=\"colour_hue\" id=\",sU*n++rG:yR-{O-@+(x\">\n        <mutation colour=\"#a5745b\"/>\n        <field name=\"HUE\">20</field>\n      </block>\n    </value>\n    <value name=\"STATEMENT\">\n      <block type=\"statement_python\" id=\"Cr!)R9unhJ0i]K0A@r^J\">\n        <mutation options=\"1\"/>\n        <field name=\"USER0\">Blockly.Python.definitions_['import padog'] = 'import padog';</field>\n      </block>\n    </value>\n    <value name=\"CODE\">\n      <block type=\"custom_code_left\" id=\"0QTo*l8Sj6r/]4x`z]lg\">\n        <field name=\"PY_CODE\">'padog.height('+value_name1+')\\n'</field>\n      </block>\n    </value>\n  </block>\n</xml>","blocksCode":"Blockly.Blocks['height'] = {\n    init: function() {\n        this.appendValueInput(\"NAME1\")\n            .setCheck(\"Number\")\n            .appendField(\"高度值：\");\n        this.setPreviousStatement(true, null);\n        this.setNextStatement(true, null);\n        this.setColour(20);\n        this.setTooltip('');\n        this.setHelpUrl('http://www.example.com/');\n    }\n};","generatorsCode":"Blockly.Python['height'] = function(block) {\n    var value_name1 = Blockly.Python.valueToCode(block, 'NAME1', Blockly.Python.ORDER_ATOMIC);\n    // TODO: Assemble Python into code variable.\n    Blockly.Python.definitions_['import padog'] = 'import padog';\n    var code = 'padog.height('+value_name1+')\\n';\n    return code;\n};"},{"id":1601646869324,"name":"move","select":true,"xml":"<xml xmlns=\"https://developers.google.com/blockly/xml\">\n  <block type=\"factory_base\" id=\"ppPug;!f$Y(6$@:Wm+Z_\" deletable=\"false\" movable=\"false\" x=\"10\" y=\"10\">\n    <mutation connections=\"BOTH\"/>\n    <field name=\"NAME\">move</field>\n    <field name=\"INLINE\">AUTO</field>\n    <field name=\"CONNECTIONS\">BOTH</field>\n    <statement name=\"INPUTS\">\n      <block type=\"input_value\" id=\"*H5YikaFmLhvS|D4RyyY\">\n        <field name=\"INPUTNAME\">NAME1</field>\n        <field name=\"ALIGN\">LEFT</field>\n        <statement name=\"FIELDS\">\n          <block type=\"field_static\" id=\"+F-?Jv7xkFp!Y!_DRKt6\">\n            <field name=\"TEXT\">速度设置：</field>\n          </block>\n        </statement>\n        <value name=\"TYPE\">\n          <shadow type=\"type_null\" id=\"Cd@QKjL+^i@8Cv.TPllO\"/>\n          <block type=\"type_number\" id=\"bjXW/zMmp.oExEF_NFUK\"/>\n        </value>\n        <next>\n          <block type=\"input_value\" id=\"l[TLvd|=jb)S2Pwp9p^l\">\n            <field name=\"INPUTNAME\">NAME2</field>\n            <field name=\"ALIGN\">LEFT</field>\n            <statement name=\"FIELDS\">\n              <block type=\"field_static\" id=\"6wr7|j_E}s5{N{ryAOoU\">\n                <field name=\"TEXT\">方向设置1：</field>\n              </block>\n            </statement>\n            <value name=\"TYPE\">\n              <shadow type=\"type_null\" id=\"^r-Zg2O/5844/I%T}ShN\"/>\n              <block type=\"type_number\" id=\"g3]L85M`S~Zj?R%()s`e\"/>\n            </value>\n            <next>\n              <block type=\"input_value\" id=\"E]OqSIn2FkW$_xcKJd[g\">\n                <field name=\"INPUTNAME\">NAME3</field>\n                <field name=\"ALIGN\">LEFT</field>\n                <statement name=\"FIELDS\">\n                  <block type=\"field_static\" id=\"jqLMycr_KLwRN|/`C?L`\">\n                    <field name=\"TEXT\">方向设置2：</field>\n                  </block>\n                </statement>\n                <value name=\"TYPE\">\n                  <shadow type=\"type_null\" id=\"7-6L~Fau9*HG48+mLe-k\"/>\n                  <block type=\"type_number\" id=\"a;Qr)05inJH)-ZyNu/H]\"/>\n                </value>\n              </block>\n            </next>\n          </block>\n        </next>\n      </block>\n    </statement>\n    <value name=\"TOPTYPE\">\n      <shadow type=\"type_null\" id=\"3S}C^P4H{E~p_Pz?kkey\"/>\n    </value>\n    <value name=\"BOTTOMTYPE\">\n      <shadow type=\"type_null\" id=\"spdm~YO=nEy/!UnC7po^\"/>\n    </value>\n    <value name=\"COLOUR\">\n      <block type=\"colour_hue\" id=\"T4/29_d[+}vduh/(b3O1\">\n        <mutation colour=\"#5ba55b\"/>\n        <field name=\"HUE\">120</field>\n      </block>\n    </value>\n    <value name=\"STATEMENT\">\n      <block type=\"statement_python\" id=\":cRqQ_0[8M!FRH2x777|\">\n        <mutation options=\"1\"/>\n        <field name=\"USER0\">Blockly.Python.definitions_['import padog'] = 'import padog';</field>\n      </block>\n    </value>\n    <value name=\"CODE\">\n      <block type=\"custom_code_left\" id=\"xe){9r-uZAGpe]c9oe0l\">\n        <field name=\"PY_CODE\">'padog.move('+value_name1+','+value_name2+','+value_name3+')\\n'</field>\n      </block>\n    </value>\n  </block>\n</xml>","blocksCode":"Blockly.Blocks['move'] = {\n    init: function() {\n        this.appendValueInput(\"NAME1\")\n            .setCheck(\"Number\")\n            .appendField(\"速度设置：\");\n        this.appendValueInput(\"NAME2\")\n            .setCheck(\"Number\")\n            .appendField(\"方向设置1：\");\n        this.appendValueInput(\"NAME3\")\n            .setCheck(\"Number\")\n            .appendField(\"方向设置2：\");\n        this.setPreviousStatement(true, null);\n        this.setNextStatement(true, null);\n        this.setColour(120);\n        this.setTooltip('');\n        this.setHelpUrl('http://www.example.com/');\n    }\n};","generatorsCode":"Blockly.Python['move'] = function(block) {\n    var value_name1 = Blockly.Python.valueToCode(block, 'NAME1', Blockly.Python.ORDER_ATOMIC);\n    var value_name2 = Blockly.Python.valueToCode(block, 'NAME2', Blockly.Python.ORDER_ATOMIC);\n    var value_name3 = Blockly.Python.valueToCode(block, 'NAME3', Blockly.Python.ORDER_ATOMIC);\n    // TODO: Assemble Python into code variable.\n    Blockly.Python.definitions_['import padog'] = 'import padog';\n    var code = 'padog.move('+value_name1+','+value_name2+','+value_name3+')\\n';\n    return code;\n};"}]